{"ruta": "ENV-RB-VER-VIE", "tiempo_optimizacion": 1141, "coste_ruta": 13516.999999999949, "GAP": 7.39809129206978e-05, "N_nodos": 224, "recorrido": ["depositoUrbaser", "002-032-E02", "002-032-E04", "002-032-E03", "002-032-E01", "002-031-E01", "002-030-E01", "002-028-E02", "002-028-E01", "170-002-E02", "170-002-E01", "170-001-E01", "117-039-E02", "117-039-E01", "117-037-E01", "117-037-E02", "117-038-E01", "117-036-E01", "117-036-E02", "117-033-E01", "117-034-E01", "117-035-E01", "117-035-E02", "117-035-E03", "117-040-E01", "117-006-E01", "117-003-E01", "117-005-E01", "117-005-E02", "117-007-E01", "117-008-E01", "117-008-E02", "117-019-E02", "117-019-E01", "117-015-E01", "117-017-E02", "117-017-E01", "117-014-E01", "117-009-E01", "117-010-E01", "117-011-E01", "117-013-E01", "117-012-E01", "117-016-E01", "117-021-E01", "117-021-E02", "117-022-E02", "117-022-E01", "117-023-E01", "117-024-E01", "117-026-E01", "117-030-E02", "117-032-E01", "117-030-E01", "117-027-E01", "117-025-E01", "117-028-E02", "117-028-E01", "117-042-E01", "117-043-E01", "008-004-E01", "125-004-E01", "125-040-E01", "125-036-E01", "125-034-E01", "125-035-E01", "125-037-E02", "125-037-E01", "125-041-E01", "125-042-E02", "125-042-E01", "125-024-E01", "125-023-E01", "125-019-E01", "125-016-E01", "125-015-E02", "125-015-E01", "125-043-E01", "125-039-E02", "125-039-E01", "125-033-E01", "125-032-E01", "125-031-E01", "125-031-E02", "125-028-E02", "125-028-E01", "125-027-E01", "125-026-E01", "125-022-E01", "125-021-E01", "125-020-E02", "125-020-E01", "125-018-E01", "125-017-E01", "125-014-E01", "125-013-E01", "125-012-E01", "125-011-E02", "125-011-E01", "125-010-E01", "125-010-E02", "125-008-E01", "125-007-E01", "008-039-E01", "008-018-E01", "008-016-E01", "008-017-E01", "008-024-E01", "008-023-E01", "008-025-E01", "008-022-E02", "008-022-E01", "008-020-E01", "008-027-E01", "008-028-E01", "008-029-E01", "008-037-E01", "008-042-E01", "008-043-E01", "008-034-E01", "008-032-E01", "008-031-E01", "008-015-E01", "008-014-E01", "008-013-E01", "008-003-E01", "008-007-E01", "008-011-E01", "008-012-E01", "008-010-E01", "008-009-E01", "008-008-E01", "008-006-E01", "008-005-E01", "021-023-E01", "021-020-E01", "021-012b-E01", "021-013-E01", "021-013-E02", "021-021-E01", "021-024-E01", "021-039-E01", "021-042-E01", "021-038-E02", "021-038-E01", "021-040-E01", "021-037-E01", "021-036-E03", "021-036-E02", "021-036-E01", "021-035-E01", "021-034-E01", "021-026-E03", "021-026-E01", "021-026-E02", "021-025-E01", "021-025-E02", "021-019-E03", "021-019-E01", "021-019-E02", "021-019-E04", "021-045-E01", "021-045-E02", "021-011-E01", "021-010-E01", "021-009-E02", "021-009-E01", "021-009-E03", "021-005-E02", "021-005-E01", "021-003-E01", "021-001-E01", "021-006-E01", "021-006-E02", "021-007-E02", "021-007-E01", "021-016-E01", "021-017-E01", "021-017-E02", "021-029-E02", "021-029-E01", "021-031-E01", "021-032-E01", "021-032-E02", "021-033-E01", "021-002-E01", "120-027-E01", "120-023-E02", "120-023-E01", "120-026-E01", "120-025-E01", "120-024-E01", "120-022-E01", "120-020-E01", "120-018-E01", "120-009-E01", "120-008-E01", "120-021-E01", "120-014-E01", "120-015-E01", "120-013-E01", "120-012-E01", "120-011-E01", "120-011-E02", "120-010-E01", "120-017-E01", "120-016-E01", "120-016-E02", "120-007-E01", "120-004-E01", "120-005-E01", "120-006-E01", "120-003-E01", "120-002-E01", "170-003-E02", "170-003-E01", "170-005-E01", "170-005-E02", "170-006-E01", "170-007-E01", "170-008-E01", "002-027-E01", "Ecoparque", "depositoUrbaser"]}