{"ruta": "ENV-RB-VER-JUE", "tiempo_optimizacion": 3603, "coste_ruta": 15439.000000000382, "GAP": 0.0021374441350075243, "N_nodos": 284, "recorrido": ["depositoUrbaser", "011-122-E02", "011-122-E01", "011-123-E01", "011-124-E02", "011-124-E03", "011-124-E01", "011-121-E01", "011-118-E01", "011-117-E01", "011-117-E02", "011-126-E01", "011-097-E01", "011-097-E02", "011-094-E01", "011-091-E01", "011-087-E01", "011-087-E02", "011-093-E02", "011-093-E01", "011-082-E02", "011-082-E01", "011-065-E01", "011-066-E01", "011-053-E01", "011-051-E02", "011-051-E01", "011-050-E01", "011-050-E02", "011-038-E01", "011-039-E01", "011-040-E01", "011-041-E01", "011-042-E01", "011-045-E01", "011-044-E01", "011-046-E01", "011-047-E02", "011-047-E01", "011-056-E02", "011-056-E01", "011-057-E01", "011-060-E01", "011-134-E01", "011-061-E01", "011-068-E02", "011-068-E01", "011-075-E01", "011-069-E02", "011-069-E01", "011-070-E01", "011-071-E01", "011-078-E01", "011-076-E01", "011-077-E01", "011-089-E01", "011-088-E02", "011-088-E01", "011-085-E01", "011-084-E01", "011-037-E01", "011-035-E01", "011-034-E01", "011-033-E01", "011-032-E01", "011-031-E01", "011-036-E02", "011-036-E01", "011-030-E01", "011-026-E01", "011-026-E02", "011-028-E01", "011-027-E01", "011-023-E01", "011-023-E02", "011-016-E01", "011-014-E01", "011-012-E02", "011-012-E01", "011-017-E01", "011-020-E01", "011-025-E01", "011-025-E02", "011-103-E01", "011-101-E01", "011-106-E03", "011-106-E02", "011-106-E01", "011-108-E02", "011-108-E01", "011-096-E01", "011-098-E01", "011-116-E01", "011-116-E02", "011-115-E01", "011-114-E01", "011-109-E01", "011-110-E01", "011-111-E02", "011-111-E01", "011-024-E03", "011-024-E01", "011-024-E02", "011-018-E01", "011-019-E01", "011-102-E01", "011-004-E01", "011-005-E01", "011-006-E02", "011-006-E01", "011-007-E01", "011-009-E01", "011-008-E01", "011-001-E01", "018-098-E01", "018-103-E01", "018-094-E02", "018-094-E01", "018-089-E04", "018-089-E01", "018-089-E02", "018-089-E03", "018-087-E01", "018-087-E02", "018-092-E02", "018-092-E01", "018-092-E03", "018-081-E01", "018-079-E01", "018-079-E02", "018-077-E03", "018-077-E02", "018-077-E01", "018-070-E02", "018-070-E01", "018-072-E01", "018-072-E02", "018-073-E01", "018-076-E01", "018-075-E01", "018-074-E01", "018-064-E03", "018-064-E01", "018-064-E02", "018-063-E01", "018-063-E02", "018-063-E03", "018-065-E03", "018-065-E02", "018-065-E01", "018-068-E02", "018-068-E01", "018-069-E02", "018-069-E01", "018-061-E02", "018-061-E01", "018-062-E01", "018-040-E01", "018-019-E04", "018-019-E02", "018-019-E03", "018-019-E01", "018-018-E02", "018-018-E01", "018-012-E03", "018-012-E02", "018-012-E01", "018-017-E01", "018-017-E02", "018-017-E03", "018-016-E02", "018-016-E01", "018-010-E02", "018-010-E01", "018-009-E02", "018-009-E01", "018-008-E01", "018-006-E01", "018-005-E01", "018-004-E01", "018-099-E01", "018-003-E01", "018-002-E01", "018-002-E02", "018-001-E01", "018-007-E01", "018-007-E02", "018-024-E02", "018-024-E01", "018-025-E01", "018-026-E01", "018-027-E02", "018-027-E01", "018-023-E01", "018-031-E01", "018-031-E02", "018-032-E03", "018-032-E02", "018-032-E01", "018-033-E02", "018-033-E01", "018-034-E01", "018-022-E02", "018-022-E01", "018-021-E01", "018-021-E02", "018-020-E02", "018-020-E01", "018-035-E01", "018-035-E02", "018-036-E02", "018-036-E03", "018-036-E01", "018-038-E01", "018-038-E02", "018-038-E03", "018-037-E01", "018-037-E02", "018-044-E02", "018-044-E01", "018-041-E04", "018-041-E03", "018-041-E01", "018-041-E02", "018-043-E02", "018-043-E01", "018-042-E02", "018-042-E03", "018-042-E01", "018-046-E02", "018-046-E01", "018-047-E01", "018-048-E02", "018-048-E01", "018-030-E02", "018-030-E01", "018-028-E01", "018-028-E02", "018-050-E02", "018-050-E01", "018-049-E01", "018-049-E02", "018-029-E03", "018-029-E02", "018-029-E01", "018-056-E01", "018-056-E02", "018-054-E01", "018-051-E01", "018-102-E01", "018-057-E01", "018-057-E02", "018-086-E02", "018-085-E01", "018-085-E02", "018-086-E01", "018-059-E04", "018-059-E03", "018-059-E01", "018-059-E02", "018-060-E01", "018-060-E02", "018-083-E01", "018-084-E02", "018-084-E03", "018-084-E01", "018-093-E02", "018-093-E01", "018-080-E01", "018-080-E02", "018-097-E01", "028-003-E01", "028-004-E01", "028-002-E01", "028-001-E01", "158-006-E01", "158-005-E01", "158-002-E01", "158-001-E01", "158-003-E01", "158-003-E02", "158-004-E01", "Ecoparque", "depositoUrbaser"]}