{"ruta": "ENV-RA-INV-LUN", "tiempo_optimizacion": 3602, "coste_ruta": 12726.999999219974, "GAP": 0.0015714621844176203, "N_nodos": 324, "recorrido": ["depositoUrbaser", "075-003-E01", "075-004-E01", "075-005-E01", "075-006-E01", "075-008-E02", "075-008-E01", "075-009-E01", "075-010-E01", "075-012-E01", "075-015-E01", "075-017-E01", "075-019-E01", "075-020-E01", "022-001-E01", "022-012-E01", "022-014-E01", "022-009-E01", "022-007-E01", "022-006-E01", "022-003-E02", "022-003-E01", "009-001-E01", "009-002-E01", "009-002-E02", "009-008-E01", "009-009-E02", "009-009-E01", "009-034-E01", "009-013-E01", "009-012-E01", "009-011-E01", "009-037-E01", "009-040-E01", "009-036-E01", "009-035-E01", "009-035-E02", "009-031-E01", "009-029-E01", "009-025-E01", "009-025-E02", "009-021-E01", "009-021-E02", "009-024-E01", "009-023-E01", "009-016-E01", "074-002-E01", "074-001-E02", "074-001-E01", "074-005-E01", "050-001-E01", "050-002-E01", "050-006-E01", "050-023-E01", "050-022-E01", "050-018-E01", "050-018-E02", "050-021-E01", "050-020-E01", "050-017-E01", "050-015-E02", "050-015-E01", "050-013-E01", "050-012-E01", "050-010-E01", "050-009-E01", "138-039-E01", "138-073-E01", "138-073-E02", "138-040-E01", "138-038-E01", "138-074-E01", "138-037-E01", "138-036-E01", "138-035-E01", "138-034-E01", "138-033-E01", "138-041-E02", "138-041-E01", "138-043-E01", "138-044-E01", "138-050-E02", "138-050-E01", "138-051-E01", "138-053-E01", "138-052-E01", "138-061-E01", "138-065-E01", "138-070-E01", "138-062-E01", "138-060-E01", "138-059-E01", "138-058-E01", "138-054-E01", "138-055-E01", "138-056-E02", "138-056-E01", "138-057-E01", "138-021-E02", "138-021-E01", "138-020-E01", "138-022-E02", "138-022-E01", "138-023-E04", "138-023-E01", "138-023-E02", "138-023-E03", "138-018-E02", "138-018-E01", "138-018-E03", "138-017-E01", "138-017-E02", "138-016-E01", "138-016-E02", "138-010-E01", "138-004-E01", "138-005-E01", "138-003-E01", "138-001-E01", "138-002-E01", "138-006-E01", "138-008-E01", "138-008-E02", "138-009-E01", "138-012-E01", "138-071-E01", "138-014-E01", "138-014-E02", "138-011-E01", "138-026-E01", "138-025-E01", "138-025-E02", "138-027-E01", "138-027-E02", "138-024-E01", "138-028-E01", "138-031-E02", "138-031-E03", "138-031-E01", "138-030-E01", "138-030-E02", "138-032-E01", "138-042-E01", "138-046-E02", "138-046-E01", "138-045-E01", "138-049-E02", "138-049-E01", "138-048-E01", "138-047-E01", "138-063-E01", "138-064-E01", "138-066-E01", "138-068-E01", "138-069-E01", "071-117-E01", "071-109-E01", "071-108-E01", "071-107-E01", "071-107-E02", "071-105-E01", "071-103-E01", "071-102-E01", "071-102-E02", "071-101-E01", "071-092-E01", "071-090-E01", "071-079-E01", "071-072-E02", "071-072-E01", "071-074-E01", "071-075-E03", "071-075-E01", "071-075-E04", "071-075-E02", "071-077-E01", "071-091-E01", "071-114-E01", "071-112-E02", "071-112-E01", "071-098-E01", "071-098-E02", "071-099-E01", "071-099-E02", "071-115-E01", "071-116-E01", "071-118-E01", "071-118b-E01", "071-007-E01", "071-008-E01", "071-005-E01", "071-004-E01", "071-003-E01", "071-010-E01", "071-015-E01", "071-020-E01", "071-021-E01", "071-023-E01", "071-025-E01", "071-024-E01", "071-026-E01", "071-027-E01", "071-045-E01", "071-028-E01", "071-044-E01", "071-044-E02", "071-046-E01", "071-047-E01", "071-048-E01", "071-048-E02", "071-049b-E01", "071-049-E01", "071-050-E01", "071-050-E02", "071-057-E01", "071-056-E01", "071-054-E02", "071-054-E01", "071-051-E02", "071-051-E01", "071-041-E01", "071-052-E01", "071-042-E01", "071-042-E02", "071-043-E01", "071-043-E02", "071-039-E01", "071-040-E01", "071-038-E02", "071-038-E01", "071-036-E01", "071-031-E01", "071-030-E01", "071-029-E01", "071-018-E01", "071-017-E01", "071-016-E01", "071-014-E01", "071-012-E02", "071-011-E01", "071-012-E01", "071-013-E01", "071-033-E01", "071-034-E01", "071-034-E02", "071-032-E01", "071-035-E01", "071-037-E01", "071-113-E02", "071-113-E01", "071-085b-E01", "071-084-E01", "071-082-E01", "071-083-E01", "071-065-E01", "071-064-E01", "071-063-E01", "071-063-E02", "071-059-E01", "071-058-E01", "071-060-E01", "071-061-E01", "071-062-E01", "071-067-E01", "071-067-E02", "071-068-E02", "071-071-E01", "071-070-E01", "071-068-E01", "071-066-E01", "071-066-E02", "071-073-E01", "071-078-E01", "071-093-E01", "071-095-E01", "071-087-E01", "071-087-E02", "071-088-E01", "071-089-E01", "071-080-E01", "071-094-E01", "071-100-E01", "071-100-E02", "071-111-E01", "071-110-E01", "046-047-E01", "046-048-E01", "046-050-E01", "046-051-E01", "046-054-E01", "046-056-E01", "046-055-E01", "046-058-E01", "046-057-E01", "046-052-E01", "046-049-E01", "046-038-E01", "046-037-E01", "046-036-E01", "046-034-E01", "046-034-E02", "046-029-E01", "046-026-E01", "046-024-E01", "046-022-E01", "046-019-E01", "046-015-E01", "046-018-E01", "046-017-E01", "046-016-E01", "046-013-E01", "046-014-E01", "046-020-E01", "046-021-E01", "046-027-E01", "046-028-E01", "046-030-E01", "046-043-E01", "046-042-E01", "046-046-E01", "046-040-E01", "046-040-E02", "Ecoparque", "depositoUrbaser"]}