{"ruta": "ENV-RM-INV-VIE-I", "tiempo_optimizacion": 3604, "coste_ruta": 11044.999999999945, "GAP": 0.12738795835219124, "N_nodos": 407, "recorrido": ["depositoUrbaser", "168-070-E01", "168-068-E01", "168-063-E01", "168-063-E02", "168-067-E01", "168-059-E01", "168-059-E02", "168-062-E01", "168-061-E01", "168-061-E02", "168-060-E01", "168-058-E01", "168-055-E02", "168-055-E03", "168-055-E01", "168-054-E01", "168-054-E02", "168-053-E02", "168-053-E03", "168-053-E01", "168-050-E01", "168-052b-E01", "168-056-E01", "168-052-E01", "168-048-E01", "168-048-E02", "168-042-E01", "168-040-E02", "168-040-E01", "168-038-E01", "168-045-E01", "168-046-E01", "168-047-E01", "168-044-E01", "168-037-E02", "168-037-E01", "168-035-E01", "168-035-E02", "168-034-E02", "168-034-E03", "168-034-E01", "168-033-E01", "168-032-E01", "168-028b-E01", "168-028-E02", "168-028-E01", "168-026-E01", "168-026-E02", "168-023-E02", "168-023-E01", "168-009-E01", "168-009-E02", "168-020-E01", "168-027-E02", "168-018-E01", "168-019-E01", "168-019-E02", "168-019-E03", "168-018-E02", "168-016-E01", "168-014-E02", "168-014-E01", "168-013-E01", "168-013-E02", "168-001-E01", "168-001-E03", "168-001-E02", "168-002-E02", "168-002-E01", "168-010-E01", "168-010-E02", "168-004-E01", "168-006-E01", "168-007-E02", "168-007-E01", "168-029-E02", "168-029-E01", "168-030-E01", "168-030-E02", "168-031-E01", "006-003-E01", "006-004-E01", "006-006-E01", "006-006-E02", "006-007-E01", "006-008-E01", "006-027-E02", "006-027-E01", "006-009-E01", "006-029-E01", "006-030-E01", "006-030-E02", "006-028-E01", "006-026-E01", "006-025-E01", "006-020-E02", "006-020-E01", "006-022-E01", "006-021-E01", "006-019-E02", "006-019-E01", "006-018-E02", "006-018-E03", "006-018-E01", "006-031-E01", "006-016-E01", "006-014-E01", "006-015-E01", "006-011-E01", "006-011-E02", "006-010-E01", "006-010-E02", "006-012-E01", "006-013-E01", "084-072-E01", "084-071-E01", "084-070-E01", "084-068-E01", "084-064-E01", "084-058-E02", "084-058-E01", "084-059-E01", "084-059-E02", "084-063-E02", "084-063-E01", "084-066-E01", "084-062-E03", "084-062-E02", "084-062-E01", "084-057-E01", "084-057-E03", "084-057-E02", "084-056-E02", "084-056-E01", "084-065-E01", "084-069-E03", "084-069-E01", "084-069-E02", "084-061-E02", "084-061-E01", "084-060-E01", "084-052-E01", "084-052-E02", "084-052-E03", "084-050-E01", "084-049-E02", "084-049-E01", "084-049-E03", "084-046-E03", "084-046-E02", "084-046-E01", "084-044-E03", "084-044-E01", "084-044-E02", "084-043-E03", "084-043-E02", "084-043-E01", "084-042-E01", "084-042-E02", "084-041-E02", "084-041-E01", "084-039-E01", "084-038-E01", "084-036-E02", "084-036-E01", "084-033-E01", "084-033-E02", "084-030-E01", "084-029-E01", "084-026-E01", "084-026-E02", "084-027-E01", "084-028-E02", "084-028-E01", "084-031-E03", "084-031-E02", "084-031-E01", "084-032-E01", "084-055-E02", "084-055-E03", "084-055-E01", "084-054-E01", "084-054-E02", "084-053-E01", "084-053-E02", "084-047-E02", "084-047-E01", "084-047b-E01", "084-048-E01", "005-004-E01", "005-004-E02", "084-073-E02", "084-073-E01", "084-074-E01", "084-075-E01", "005-061-E02", "005-061-E01", "005-061-E03", "005-060-E02", "005-060-E01", "005-056-E01", "005-066-E01", "005-075-E01", "005-047-E01", "005-042-E01", "005-030-E02", "005-030-E01", "005-028-E01", "005-028-E02", "005-003-E01", "005-005-E01", "005-006-E01", "005-006-E02", "005-024-E01", "005-024-E02", "005-021-E01", "005-007-E02", "005-007-E01", "005-009-E01", "005-010-E01", "005-012-E01", "005-014-E01", "005-018-E01", "005-013-E01", "005-019-E01", "005-020-E01", "005-034-E01", "005-045-E01", "005-038-E01", "005-039-E01", "005-032-E01", "005-031-E01", "005-041-E01", "005-044-E01", "005-093-E01", "005-096-E01", "059-030-E01", "059-029-E01", "059-028-E01", "059-026-E01", "059-027-E02", "059-027-E03", "059-027-E01", "059-003-E01", "059-003-E02", "059-001-E02", "059-001-E01", "059-004-E02", "059-004-E01", "059-005-E01", "059-005-E02", "059-018-E01", "059-019-E01", "059-019-E02", "059-025-E01", "059-024-E01", "059-023-E01", "059-022-E01", "059-022-E02", "059-021-E02", "059-021-E01", "059-021-E03", "059-021-E04", "059-018-E02", "059-017-E01", "059-007-E01", "105-054-E02", "105-054-E01", "105-049-E01", "105-050-E01", "105-048-E02", "105-048-E01", "105-045-E02", "105-045-E01", "105-044-E01", "105-044-E02", "105-024-E01", "105-026-E02", "105-041-E01", "105-041-E02", "105-051-E01", "105-056-E01", "105-038-E01", "105-038-E02", "105-037-E01", "105-035-E01", "105-033-E01", "105-032-E01", "105-030-E01", "105-030-E02", "105-028-E02", "105-028-E01", "105-026-E01", "105-019-E01", "105-022-E02", "105-023-E01", "105-022-E01", "105-020-E01", "105-011-E01", "105-011-E02", "105-009-E01", "105-008-E01", "105-007-E02", "105-007-E01", "105-002-E01", "105-003-E02", "105-003-E01", "105-004-E01", "105-004-E02", "105-005-E01", "064-047-E01", "064-052-E01", "064-046-E01", "064-016-E01", "064-044-E01", "064-045-E01", "064-053-E01", "064-053-E02", "064-055-E01", "064-057-E02", "064-057-E01", "064-058-E01", "064-041-E01", "064-056-E01", "064-042-E01", "064-042-E02", "064-036b-E02", "064-036b-E01", "064-035-E01", "064-034-E02", "064-034-E01", "064-039-E02", "064-039-E01", "064-060-E01", "064-066-E03", "064-066-E01", "064-066-E02", "064-061-E01", "064-038-E01", "064-033-E01", "064-037-E01", "064-026-E01", "064-029-E01", "064-027-E01", "064-023-E01", "064-021-E01", "064-024-E01", "064-018-E01", "064-014-E01", "064-011-E01", "064-020-E01", "064-020-E02", "064-010-E01", "064-010-E02", "064-009-E01", "064-007-E01", "064-008-E01", "064-006-E01", "084-020-E01", "084-021-E01", "084-021-E02", "084-019-E02", "084-019-E01", "084-019-E03", "084-076-E01", "084-018-E01", "084-017-E01", "084-017-E02", "084-016-E01", "084-016-E02", "084-080-E01", "084-009-E01", "084-008-E02", "084-008-E01", "084-011-E02", "084-011-E03", "084-011-E01", "084-012-E01", "084-024-E02", "084-024-E01", "084-013-E01", "084-023-E01", "084-015-E02", "084-015-E03", "084-015-E01", "084-010-E01", "084-077-E02", "084-077-E01", "084-078-E01", "084-079-E01", "084-078-E02", "084-007-E03", "084-007-E02", "084-007-E04", "084-007-E01", "084-006-E01", "084-005-E01", "084-004-E01", "084-004-E02", "084-002-E01", "084-001-E02", "084-003-E01", "084-003-E02", "084-001-E01", "Ecoparque", "depositoUrbaser"]}